year,column,section,matched_qname,response_suffix,description
2023,ResponseId,Other survey answers,,,ResponseId
2023,Q120,Other survey answers,,,Q120
2023,MainBranch,Background,MainBranch,,"Which of the following options best describes you today? For the purpose of this survey, a developer is ""someone who writes code"". *"
2023,Age,Background,Age,,What is your age? *
2023,Employment,Background,Employment,,Which of the following best describes your current employment status? Select all that apply.
2023,RemoteWork,Work and career,RemoteWork,,Which best describes your current work situation?
2023,CodingActivities,Other survey answers,CodingActivities,,Which of the following best describes the code you write outside of work? Select all that apply.
2023,EdLevel,Background,EdLevel,,Which of the following best describes the highest level of formal education that you’ve completed? *
2023,LearnCode,Background,LearnCode,,How do you learn to code? Select all that apply.
2023,LearnCodeOnline,Background,LearnCodeOnline,,What online resources do you use to learn to code? Select all that apply.
2023,LearnCodeCoursesCert,Background,LearnCodeCoursesCert,,What online courses or certifications do you use to learn to code? Select all that apply.
2023,YearsCode,Work and career,YearsCode,,"Including any education, how many years have you been coding in total?"
2023,YearsCodePro,Work and career,YearsCodePro,,"NOT including education, how many years have you coded professionally (as a part of your work)?"
2023,DevType,Work and career,DevType,,"Which of the following describes your current job, the one you do most of the time? Please select only one."
2023,OrgSize,Work and career,OrgSize,,"Approximately how many people are employed by the company or organization you currently work for? This should only include your primary company, and not the entire holding or parent company if that applies."
2023,PurchaseInfluence,Work and career,PurchaseInfluence,,"What level of influence do you, personally, have over new technology purchases at your organization?"
2023,TechList,Other survey answers,TechList,,"When thinking about new technology purchases at your organization, are you more likely to be given a short list of products/services to evaluate or be told to investigate on your own?"
2023,BuyNewTool,Other survey answers,BuyNewTool,,"When buying a new tool or software, how do you discover and research available solutions? Select all that apply."
2023,Country,Background,Country,,Where do you live? *
2023,Currency,Background,Currency,,"Which currency do you use day-to-day? If your answer is complicated, please pick the one you're most comfortable estimating in. *"
2023,CompTotal,Work and career,CompTotal,,"What is your current total annual compensation (salary, bonuses, and perks, before taxes and deductions)? Please enter a whole number in the box below, without any punctuation. If you are paid hourly, please estimate an equivalent yearly salary. If you prefer not to answer, please leave the box empty."
2023,LanguageHaveWorkedWith,Technology stack,Language,worked with in the past year,"Which programming, scripting, and markup languages have you done extensive development work in over the past year, and which do you want to work in over the next year? (If you both worked with the language and want to continue to do so, please check both boxes in that row.) | Response column: worked with in the past year"
2023,LanguageWantToWorkWith,Technology stack,Language,want to work with next year,"Which programming, scripting, and markup languages have you done extensive development work in over the past year, and which do you want to work in over the next year? (If you both worked with the language and want to continue to do so, please check both boxes in that row.) | Response column: want to work with next year"
2023,DatabaseHaveWorkedWith,Technology stack,Database,worked with in the past year,"Which database environments have you done extensive development work in over the past year, and which do you want to work in over the next year? (If you both worked with the database and want to continue to do so, please check both boxes in that row.) | Response column: worked with in the past year"
2023,DatabaseWantToWorkWith,Technology stack,Database,want to work with next year,"Which database environments have you done extensive development work in over the past year, and which do you want to work in over the next year? (If you both worked with the database and want to continue to do so, please check both boxes in that row.) | Response column: want to work with next year"
2023,PlatformHaveWorkedWith,Technology stack,Platform,worked with in the past year,"Which cloud platforms have you done extensive development work in over the past year, and which do you want to work in over the next year? (If you both worked with the platform and want to continue to do so, please check both boxes in that row.) | Response column: worked with in the past year"
2023,PlatformWantToWorkWith,Technology stack,Platform,want to work with next year,"Which cloud platforms have you done extensive development work in over the past year, and which do you want to work in over the next year? (If you both worked with the platform and want to continue to do so, please check both boxes in that row.) | Response column: want to work with next year"
2023,WebframeHaveWorkedWith,Technology stack,Webframe,worked with in the past year,"Which web frameworks and web technologies have you done extensive development work in over the past year, and which do you want to work in over the next year? (If you both worked with the framework and want to continue to do so, please check both boxes in that row.) | Response column: worked with in the past year"
2023,WebframeWantToWorkWith,Technology stack,Webframe,want to work with next year,"Which web frameworks and web technologies have you done extensive development work in over the past year, and which do you want to work in over the next year? (If you both worked with the framework and want to continue to do so, please check both boxes in that row.) | Response column: want to work with next year"
2023,MiscTechHaveWorkedWith,Technology stack,MiscTech,worked with in the past year,"Which other frameworks and libraries have you done extensive development work in over the past year, and which do you want to work in over the next year? (If you both worked with the framework and want to continue to do so, please check both boxes in that row.) | Response column: worked with in the past year"
2023,MiscTechWantToWorkWith,Technology stack,MiscTech,want to work with next year,"Which other frameworks and libraries have you done extensive development work in over the past year, and which do you want to work in over the next year? (If you both worked with the framework and want to continue to do so, please check both boxes in that row.) | Response column: want to work with next year"
2023,ToolsTechHaveWorkedWith,Technology stack,ToolsTech,worked with in the past year,"Which developer tools for compiling, building and testing have you done extensive development work in over the past year, and which do you want to work in over the next year? (If you both worked with the technology and want to continue to do so, please check both boxes in that row.) | Response column: worked with in the past year"
2023,ToolsTechWantToWorkWith,Technology stack,ToolsTech,want to work with next year,"Which developer tools for compiling, building and testing have you done extensive development work in over the past year, and which do you want to work in over the next year? (If you both worked with the technology and want to continue to do so, please check both boxes in that row.) | Response column: want to work with next year"
2023,NEWCollabToolsHaveWorkedWith,Technology stack,NEWCollabTools,worked with in the past year,"Which development environments did you use regularly over the past year, and which do you want to work with over the next year? Please check all that apply. | Response column: worked with in the past year"
2023,NEWCollabToolsWantToWorkWith,Technology stack,NEWCollabTools,want to work with next year,"Which development environments did you use regularly over the past year, and which do you want to work with over the next year? Please check all that apply. | Response column: want to work with next year"
2023,OpSysPersonal use,Technology stack,OpSys,personal use,What is the primary operating system in which you work? | Response column: personal use
2023,OpSysProfessional use,Technology stack,OpSys,professional use,What is the primary operating system in which you work? | Response column: professional use
2023,OfficeStackAsyncHaveWorkedWith,Technology stack,OfficeStackAsync,worked with in the past year,"Which collaborative work management and/or code documentation tools did you use regularly over the past year, and which do you want to work with over the next year? Select all that apply | Response column: worked with in the past year"
2023,OfficeStackAsyncWantToWorkWith,Technology stack,OfficeStackAsync,want to work with next year,"Which collaborative work management and/or code documentation tools did you use regularly over the past year, and which do you want to work with over the next year? Select all that apply | Response column: want to work with next year"
2023,OfficeStackSyncHaveWorkedWith,Technology stack,OfficeStackSync,worked with in the past year,"Which communication tools did you use regularly over the past year, and which do you want to work with over the next year? Select all that apply | Response column: worked with in the past year"
2023,OfficeStackSyncWantToWorkWith,Technology stack,OfficeStackSync,want to work with next year,"Which communication tools did you use regularly over the past year, and which do you want to work with over the next year? Select all that apply | Response column: want to work with next year"
2023,AISearchHaveWorkedWith,AI usage and attitudes,AISearch,worked with in the past year,"Which AI-powered search tools did you use regularly over the past year, and which do you want to work with over the next year? Select all that apply. | Response column: worked with in the past year"
2023,AISearchWantToWorkWith,AI usage and attitudes,AISearch,want to work with next year,"Which AI-powered search tools did you use regularly over the past year, and which do you want to work with over the next year? Select all that apply. | Response column: want to work with next year"
2023,AIDevHaveWorkedWith,AI usage and attitudes,AIDev,worked with in the past year,"Which AI-powered developer tools did you use regularly over the past year, and which do you want to work with over the next year? Select all that apply | Response column: worked with in the past year"
2023,AIDevWantToWorkWith,AI usage and attitudes,AIDev,want to work with next year,"Which AI-powered developer tools did you use regularly over the past year, and which do you want to work with over the next year? Select all that apply | Response column: want to work with next year"
2023,NEWSOSites,Stack Overflow community,NEWSOSites,,Which of the following Stack Overflow sites have you visited? Select all that apply. *
2023,SOVisitFreq,Stack Overflow community,SOVisitFreq,,How frequently would you say you visit Stack Overflow?
2023,SOAccount,Stack Overflow community,SOAccount,,Do you have a Stack Overflow account?
2023,SOPartFreq,Stack Overflow community,SOPartFreq,,"How frequently would you say you participate in Q&A on Stack Overflow? By participate we mean ask, answer, vote for, or comment on questions."
2023,SOComm,Stack Overflow community,SOComm,,Do you consider yourself a member of the Stack Overflow community?
2023,SOAI,Other survey answers,SOAI,,"Artificial Intelligence (AI) tools have gained prominence recently across industries. The following question asks for your perspective on Stack Overflow using AI technology to improve the current experience, for example by using AI to suggest better titles for your question. For your response, consider these sorts of improvements to the experience with/on Stack Overflow and not the presence or absence of content generated by AI and posted on Stack Overflow. What is your opinion on Stack Overflow using AI tools to improve the current experience? What could AI help with most to improve Stack Overflow?"
2023,AISelect,AI usage and attitudes,AISelect,,Do you currently use AI tools in your development process? *
2023,AISent,AI usage and attitudes,AISent,,How favorable is your stance on using AI tools as part of your development workflow?
2023,AIAcc,AI usage and attitudes,AIAcc,,"For the AI tools you use as part of your development workflow, what are the MOST important benefits you are hoping to achieve? Please check all that apply."
2023,AIBen,AI usage and attitudes,AIBen,,How much do you trust the accuracy of the output from AI tools as part of your development workflow?
2023,AIToolInterested in Using,AI usage and attitudes,AITool,interested in using,Which parts of your development workflow are you currently using AI tools for and which are you interested in using AI tools for over the next year? Please select all that apply. | Response column: interested in using
2023,AIToolCurrently Using,AI usage and attitudes,AITool,currently using,Which parts of your development workflow are you currently using AI tools for and which are you interested in using AI tools for over the next year? Please select all that apply. | Response column: currently using
2023,AIToolNot interested in Using,AI usage and attitudes,AITool,not interested in using,Which parts of your development workflow are you currently using AI tools for and which are you interested in using AI tools for over the next year? Please select all that apply. | Response column: not interested in using
2023,AINextVery different,AI usage and attitudes,AINext,Very different,"Thinking about how your workflow and process changes over time, how similar or different do you anticipate your workflow to be 1 year from now as a result of AI tools you are currently using? | Response column: Very different"
2023,AINextNeither different nor similar,AI usage and attitudes,AINext,Neither different nor similar,"Thinking about how your workflow and process changes over time, how similar or different do you anticipate your workflow to be 1 year from now as a result of AI tools you are currently using? | Response column: Neither different nor similar"
2023,AINextSomewhat similar,AI usage and attitudes,AINext,Somewhat similar,"Thinking about how your workflow and process changes over time, how similar or different do you anticipate your workflow to be 1 year from now as a result of AI tools you are currently using? | Response column: Somewhat similar"
2023,AINextVery similar,AI usage and attitudes,AINext,Very similar,"Thinking about how your workflow and process changes over time, how similar or different do you anticipate your workflow to be 1 year from now as a result of AI tools you are currently using? | Response column: Very similar"
2023,AINextSomewhat different,AI usage and attitudes,AINext,Somewhat different,"Thinking about how your workflow and process changes over time, how similar or different do you anticipate your workflow to be 1 year from now as a result of AI tools you are currently using? | Response column: Somewhat different"
2023,TBranch,Other survey answers,TBranch,,Would you like to participate in the Professional Developer Series? *
2023,ICorPM,Work and career,ICorPM,,Are you an individual contributor or people manager?
2023,WorkExp,Work and career,WorkExp,,How many years of working experience do you have?
2023,Knowledge_1,Other survey answers,Knowledge_1,,I have interactions with people outside of my immediate team.
2023,Knowledge_2,Other survey answers,Knowledge_2,,"Knowledge silos prevent me from getting ideas across the organization (i.e., one individual or team has information that isn't shared with others)"
2023,Knowledge_3,Other survey answers,Knowledge_3,,I can find up-to-date information within my organization to help me do my job.
2023,Knowledge_4,Other survey answers,Knowledge_4,,I am able to quickly find answers to my questions with existing tools and resources.
2023,Knowledge_5,Other survey answers,Knowledge_5,,I know which system or resource to use to find information and answers to questions I have.
2023,Knowledge_6,Other survey answers,Knowledge_6,,I often find myself answering questions that I’ve already answered before.
2023,Knowledge_7,Other survey answers,Knowledge_7,,Waiting on answers to questions often causes interruptions and disrupts my workflow.
2023,Knowledge_8,Other survey answers,Knowledge_8,,I feel like I have the tools and/or resources to quickly understand and work on any area of my company's code/system/platform.
2023,Frequency_1,Other survey answers,Frequency_1,,Needing help from people outside of your immediate team?
2023,Frequency_2,Other survey answers,Frequency_2,,Interacting with people outside of your immediate team?
2023,Frequency_3,Other survey answers,Frequency_3,,Encountering knowledge silos (where one individual or team has information that's not shared or distributed with other individuals or teams) at work?
2023,TimeSearching,Other survey answers,TimeSearching,,"On an average day, how much time do you typically spend searching for answers or solutions to problems you encounter at work? (This includes time spent searching on your own, asking a colleague, and waiting for a response)."
2023,TimeAnswering,Other survey answers,TimeAnswering,,"On an average day, how much time do you typically spend answering questions you get asked at work?"
2023,ProfessionalTech,Other survey answers,ProfessionalTech,,My company has:
2023,Industry,Work and career,Industry,,What industry is the company you work for in?
2023,SurveyLength,Other survey answers,SurveyLength,,How do you feel about the length of the survey this year?
2023,SurveyEase,Other survey answers,SurveyEase,,How easy or difficult was this survey to complete?
2023,ConvertedCompYearly,Other survey answers,,,ConvertedCompYearly
2023,completeness,Other survey answers,,,completeness
2024,ResponseId,Other survey answers,,,ResponseId
2024,MainBranch,Background,MainBranch,,"Which of the following options best describes you today? For the purpose of this survey, a developer is ""someone who writes code"".*"
2024,Age,Background,Age,,What is your age?*
2024,Employment,Background,Employment,,Which of the following best describes your current employment status? Select all that apply.*
2024,RemoteWork,Work and career,RemoteWork,,Which best describes your current work situation?
2024,Check,Other survey answers,Check,,Just checking to make sure you are paying attention to the survey questions. Select ‘Apples’ from the list and you can get back to the survey.*
2024,CodingActivities,Other survey answers,CodingActivities,,Which of the following best describes the code you write outside of work? Select all that apply.
2024,EdLevel,Background,EdLevel,,Which of the following best describes the highest level of formal education that you’ve completed? *
2024,LearnCode,Background,LearnCode,,How do you learn to code? Select all that apply.
2024,LearnCodeOnline,Background,LearnCodeOnline,,What online resources do you use to learn to code? Select all that apply.
2024,TechDoc,Other survey answers,TechDoc,,What is the source of the technical documentation you use most often to learn to code? Select all that apply.
2024,YearsCode,Work and career,YearsCode,,"Including any education, how many years have you been coding in total?"
2024,YearsCodePro,Work and career,YearsCodePro,,"NOT including education, how many years have you coded professionally (as a part of your work)?"
2024,DevType,Work and career,DevType,,"Which of the following describes your current job, the one you do most of the time? Please select only one."
2024,OrgSize,Work and career,OrgSize,,"Approximately how many people are employed by the company or organization you currently work for? This should only include your primary company, and not the entire holding or parent company if that applies."
2024,PurchaseInfluence,Work and career,PurchaseInfluence,,"What level of influence do you, personally, have over new technology purchases at your organization?"
2024,BuyNewTool,Other survey answers,BuyNewTool,,"When buying a new tool or software, how do you discover and research available solutions? Select all that apply."
2024,BuildvsBuy,Work and career,BuildvsBuy,,"When asked to provide a recommendation for solving a problem at work with a new tool or software, what has been your most recent choice of the following?"
2024,TechEndorse,Work and career,TechEndorse,,What product feature do you care about most when endorsing a technology purchase? Select all that apply.
2024,Country,Background,Country,,Where do you live? *
2024,Currency,Background,Currency,,"Which currency do you use day-to-day? If your answer is complicated, please pick the one you're most comfortable estimating in. *"
2024,CompTotal,Work and career,CompTotal,,"What is your current total annual compensation (salary, bonuses, and perks, before taxes and deductions)? Please enter a whole number in the box below, without any punctuation. If you are paid hourly, please estimate an equivalent yearly salary. If you prefer not to answer, please leave the box empty."
2024,LanguageHaveWorkedWith,Technology stack,Language,worked with in the past year,"Which programming, scripting, and markup languages have you done extensive development work in over the past year, and which do you want to work in over the next year? (If you both worked with the language and want to continue to do so, please check both boxes in that row.) | Response column: worked with in the past year"
2024,LanguageWantToWorkWith,Technology stack,Language,want to work with next year,"Which programming, scripting, and markup languages have you done extensive development work in over the past year, and which do you want to work in over the next year? (If you both worked with the language and want to continue to do so, please check both boxes in that row.) | Response column: want to work with next year"
2024,LanguageAdmired,Technology stack,Language,admired technology,"Which programming, scripting, and markup languages have you done extensive development work in over the past year, and which do you want to work in over the next year? (If you both worked with the language and want to continue to do so, please check both boxes in that row.) | Response column: admired technology"
2024,DatabaseHaveWorkedWith,Technology stack,Database,worked with in the past year,"Which database environments have you done extensive development work in over the past year, and which do you want to work in over the next year? (If you both worked with the database and want to continue to do so, please check both boxes in that row.) | Response column: worked with in the past year"
2024,DatabaseWantToWorkWith,Technology stack,Database,want to work with next year,"Which database environments have you done extensive development work in over the past year, and which do you want to work in over the next year? (If you both worked with the database and want to continue to do so, please check both boxes in that row.) | Response column: want to work with next year"
2024,DatabaseAdmired,Technology stack,Database,admired technology,"Which database environments have you done extensive development work in over the past year, and which do you want to work in over the next year? (If you both worked with the database and want to continue to do so, please check both boxes in that row.) | Response column: admired technology"
2024,PlatformHaveWorkedWith,Technology stack,Platform,worked with in the past year,"Which cloud platforms have you done extensive development work in over the past year, and which do you want to work in over the next year? (If you both worked with the platform and want to continue to do so, please check both boxes in that row.) | Response column: worked with in the past year"
2024,PlatformWantToWorkWith,Technology stack,Platform,want to work with next year,"Which cloud platforms have you done extensive development work in over the past year, and which do you want to work in over the next year? (If you both worked with the platform and want to continue to do so, please check both boxes in that row.) | Response column: want to work with next year"
2024,PlatformAdmired,Technology stack,Platform,admired technology,"Which cloud platforms have you done extensive development work in over the past year, and which do you want to work in over the next year? (If you both worked with the platform and want to continue to do so, please check both boxes in that row.) | Response column: admired technology"
2024,WebframeHaveWorkedWith,Technology stack,Webframe,worked with in the past year,"Which web frameworks and web technologies have you done extensive development work in over the past year, and which do you want to work in over the next year? (If you both worked with the framework and want to continue to do so, please check both boxes in that row.) | Response column: worked with in the past year"
2024,WebframeWantToWorkWith,Technology stack,Webframe,want to work with next year,"Which web frameworks and web technologies have you done extensive development work in over the past year, and which do you want to work in over the next year? (If you both worked with the framework and want to continue to do so, please check both boxes in that row.) | Response column: want to work with next year"
2024,WebframeAdmired,Technology stack,Webframe,admired technology,"Which web frameworks and web technologies have you done extensive development work in over the past year, and which do you want to work in over the next year? (If you both worked with the framework and want to continue to do so, please check both boxes in that row.) | Response column: admired technology"
2024,EmbeddedHaveWorkedWith,Technology stack,Embedded,worked with in the past year,"Which embedded systems and technologies have you done extensive development work in over the past year, and which do you want to work in over the next year? (If you both worked with the framework and want to continue to do so, please check both boxes in that row.) | Response column: worked with in the past year"
2024,EmbeddedWantToWorkWith,Technology stack,Embedded,want to work with next year,"Which embedded systems and technologies have you done extensive development work in over the past year, and which do you want to work in over the next year? (If you both worked with the framework and want to continue to do so, please check both boxes in that row.) | Response column: want to work with next year"
2024,EmbeddedAdmired,Technology stack,Embedded,admired technology,"Which embedded systems and technologies have you done extensive development work in over the past year, and which do you want to work in over the next year? (If you both worked with the framework and want to continue to do so, please check both boxes in that row.) | Response column: admired technology"
2024,MiscTechHaveWorkedWith,Technology stack,MiscTech,worked with in the past year,"Which other frameworks and libraries have you done extensive development work in over the past year, and which do you want to work in over the next year? (If you both worked with the framework and want to continue to do so, please check both boxes in that row.) | Response column: worked with in the past year"
2024,MiscTechWantToWorkWith,Technology stack,MiscTech,want to work with next year,"Which other frameworks and libraries have you done extensive development work in over the past year, and which do you want to work in over the next year? (If you both worked with the framework and want to continue to do so, please check both boxes in that row.) | Response column: want to work with next year"
2024,MiscTechAdmired,Technology stack,MiscTech,admired technology,"Which other frameworks and libraries have you done extensive development work in over the past year, and which do you want to work in over the next year? (If you both worked with the framework and want to continue to do so, please check both boxes in that row.) | Response column: admired technology"
2024,ToolsTechHaveWorkedWith,Technology stack,ToolsTech,worked with in the past year,"Which developer tools for compiling, building and testing have you done extensive development work in over the past year, and which do you want to work in over the next year? (If you both worked with the technology and want to continue to do so, please check both boxes in that row.) | Response column: worked with in the past year"
2024,ToolsTechWantToWorkWith,Technology stack,ToolsTech,want to work with next year,"Which developer tools for compiling, building and testing have you done extensive development work in over the past year, and which do you want to work in over the next year? (If you both worked with the technology and want to continue to do so, please check both boxes in that row.) | Response column: want to work with next year"
2024,ToolsTechAdmired,Technology stack,ToolsTech,admired technology,"Which developer tools for compiling, building and testing have you done extensive development work in over the past year, and which do you want to work in over the next year? (If you both worked with the technology and want to continue to do so, please check both boxes in that row.) | Response column: admired technology"
2024,NEWCollabToolsHaveWorkedWith,Technology stack,NEWCollabTools,worked with in the past year,"Which development environments did you use regularly over the past year, and which do you want to work with over the next year? Please check all that apply. | Response column: worked with in the past year"
2024,NEWCollabToolsWantToWorkWith,Technology stack,NEWCollabTools,want to work with next year,"Which development environments did you use regularly over the past year, and which do you want to work with over the next year? Please check all that apply. | Response column: want to work with next year"
2024,NEWCollabToolsAdmired,Technology stack,NEWCollabTools,admired technology,"Which development environments did you use regularly over the past year, and which do you want to work with over the next year? Please check all that apply. | Response column: admired technology"
2024,OpSysPersonal use,Technology stack,OpSys,personal use,What is the primary operating system in which you work? | Response column: personal use
2024,OpSysProfessional use,Technology stack,OpSys,professional use,What is the primary operating system in which you work? | Response column: professional use
2024,OfficeStackAsyncHaveWorkedWith,Technology stack,OfficeStackAsync,worked with in the past year,"Which collaborative work management and/or code documentation tools did you use regularly over the past year, and which do you want to work with over the next year? Select all that apply | Response column: worked with in the past year"
2024,OfficeStackAsyncWantToWorkWith,Technology stack,OfficeStackAsync,want to work with next year,"Which collaborative work management and/or code documentation tools did you use regularly over the past year, and which do you want to work with over the next year? Select all that apply | Response column: want to work with next year"
2024,OfficeStackAsyncAdmired,Technology stack,OfficeStackAsync,admired technology,"Which collaborative work management and/or code documentation tools did you use regularly over the past year, and which do you want to work with over the next year? Select all that apply | Response column: admired technology"
2024,OfficeStackSyncHaveWorkedWith,Technology stack,OfficeStackSync,worked with in the past year,"Which communication tools did you use regularly over the past year, and which do you want to work with over the next year? Select all that apply | Response column: worked with in the past year"
2024,OfficeStackSyncWantToWorkWith,Technology stack,OfficeStackSync,want to work with next year,"Which communication tools did you use regularly over the past year, and which do you want to work with over the next year? Select all that apply | Response column: want to work with next year"
2024,OfficeStackSyncAdmired,Technology stack,OfficeStackSync,admired technology,"Which communication tools did you use regularly over the past year, and which do you want to work with over the next year? Select all that apply | Response column: admired technology"
2024,AISearchDevHaveWorkedWith,AI usage and attitudes,AISearchDev,worked with in the past year,"Which AI-powered search and developer tools did you use regularly over the past year, and which do you want to work with over the next year? Select all that apply. | Response column: worked with in the past year"
2024,AISearchDevWantToWorkWith,AI usage and attitudes,AISearchDev,want to work with next year,"Which AI-powered search and developer tools did you use regularly over the past year, and which do you want to work with over the next year? Select all that apply. | Response column: want to work with next year"
2024,AISearchDevAdmired,AI usage and attitudes,AISearchDev,admired technology,"Which AI-powered search and developer tools did you use regularly over the past year, and which do you want to work with over the next year? Select all that apply. | Response column: admired technology"
2024,NEWSOSites,Stack Overflow community,NEWSOSites,,Which of the following Stack Overflow sites have you visited? Select all that apply. *
2024,SOVisitFreq,Stack Overflow community,SOVisitFreq,,How frequently would you say you visit Stack Overflow?
2024,SOAccount,Stack Overflow community,SOAccount,,Do you have a Stack Overflow account?
2024,SOPartFreq,Stack Overflow community,SOPartFreq,,"How frequently would you say you participate in Q&A on Stack Overflow? By participate we mean ask, answer, vote for, or comment on questions."
2024,SOHow,Stack Overflow community,SOHow,,How do you use Stack Overflow? Select all that apply.
2024,SOComm,Stack Overflow community,SOComm,,Do you consider yourself a member of the Stack Overflow community?
2024,AISelect,AI usage and attitudes,AISelect,,Do you currently use AI tools in your development process? *
2024,AISent,AI usage and attitudes,AISent,,How favorable is your stance on using AI tools as part of your development workflow?
2024,AIBen,AI usage and attitudes,AIBen,,"For the AI tools you use as part of your development workflow, what are the MOST important benefits you are hoping to achieve? Please check all that apply."
2024,AIAcc,AI usage and attitudes,AIAcc,,How much do you trust the accuracy of the output from AI tools as part of your development workflow?
2024,AIComplex,AI usage and attitudes,AIComplex,,How well do the AI tools you use in your development workflow handle complex tasks?
2024,AIToolCurrently Using,AI usage and attitudes,AITool,currently using,Which parts of your development workflow are you currently using AI tools for and which are you interested in using AI tools for over the next year? Please select all that apply. | Response column: currently using
2024,AIToolInterested in Using,AI usage and attitudes,AITool,interested in using,Which parts of your development workflow are you currently using AI tools for and which are you interested in using AI tools for over the next year? Please select all that apply. | Response column: interested in using
2024,AIToolNot interested in Using,AI usage and attitudes,AITool,not interested in using,Which parts of your development workflow are you currently using AI tools for and which are you interested in using AI tools for over the next year? Please select all that apply. | Response column: not interested in using
2024,AINextMuch more integrated,AI usage and attitudes,AINext,Much more integrated,"Thinking about how your job and process changes over time, how integrated in your workflow do you anticipate AI tools you are currently using will be 1 year from now? | Response column: Much more integrated"
2024,AINextNo change,AI usage and attitudes,AINext,No change,"Thinking about how your job and process changes over time, how integrated in your workflow do you anticipate AI tools you are currently using will be 1 year from now? | Response column: No change"
2024,AINextMore integrated,AI usage and attitudes,AINext,More integrated,"Thinking about how your job and process changes over time, how integrated in your workflow do you anticipate AI tools you are currently using will be 1 year from now? | Response column: More integrated"
2024,AINextLess integrated,AI usage and attitudes,AINext,Less integrated,"Thinking about how your job and process changes over time, how integrated in your workflow do you anticipate AI tools you are currently using will be 1 year from now? | Response column: Less integrated"
2024,AINextMuch less integrated,AI usage and attitudes,AINext,Much less integrated,"Thinking about how your job and process changes over time, how integrated in your workflow do you anticipate AI tools you are currently using will be 1 year from now? | Response column: Much less integrated"
2024,AIThreat,AI usage and attitudes,AIThreat,,Do you believe AI is a threat to your current job?
2024,AIEthics,AI usage and attitudes,AIEthics,,Which AI ethical responsibilities are most important to you? Select all that apply.
2024,AIChallenges,AI usage and attitudes,AIChallenges,,What are the challenges to your company/whole team using AI code assistants or GenAI tools? Select all that apply.
2024,TBranch,Other survey answers,TBranch,,Would you like to participate in the Professional Developer Series? *
2024,ICorPM,Work and career,ICorPM,,Are you an individual contributor or people manager?
2024,WorkExp,Work and career,WorkExp,,How many years of working experience do you have?
2024,Knowledge_1,Other survey answers,Knowledge_1,,I have interactions with people outside of my immediate team.
2024,Knowledge_2,Other survey answers,Knowledge_2,,"Knowledge silos prevent me from getting ideas across the organization (i.e., one individual or team has information that isn't shared with others)"
2024,Knowledge_3,Other survey answers,Knowledge_3,,I can find up-to-date information within my organization to help me do my job.
2024,Knowledge_4,Other survey answers,Knowledge_4,,I am able to quickly find answers to my questions with existing tools and resources.
2024,Knowledge_5,Other survey answers,Knowledge_5,,I know which system or resource to use to find information and answers to questions I have.
2024,Knowledge_6,Other survey answers,Knowledge_6,,I often find myself answering questions that I’ve already answered before.
2024,Knowledge_7,Other survey answers,Knowledge_7,,Waiting on answers to questions often causes interruptions and disrupts my workflow.
2024,Knowledge_8,Other survey answers,Knowledge_8,,I feel like I have the tools and/or resources to quickly understand and work on any area of my company's code/system/platform.
2024,Knowledge_9,Other survey answers,Knowledge_9,,I have asked my employer to reimburse me for tools or a product that helps me do my job better or faster
2024,Frequency_1,Other survey answers,Frequency_1,,Needing help from people outside of your immediate team?
2024,Frequency_2,Other survey answers,Frequency_2,,Interacting with people outside of your immediate team?
2024,Frequency_3,Other survey answers,Frequency_3,,Encountering knowledge silos (where one individual or team has information that's not shared or distributed with other individuals or teams) at work?
2024,TimeSearching,Other survey answers,TimeSearching,,"On an average day, how much time do you typically spend searching for answers or solutions to problems you encounter at work? (This includes time spent searching on your own, asking a colleague, and waiting for a response)."
2024,TimeAnswering,Other survey answers,TimeAnswering,,"On an average day, how much time do you typically spend answering questions you get asked at work?"
2024,Frustration,Other survey answers,Frustration,,Which of these company challenges causes you the most frustration? Select all that apply.
2024,ProfessionalTech,Other survey answers,ProfessionalTech,,My company has:
2024,ProfessionalCloud,Other survey answers,ProfessionalCloud,,"At my company, our applications, databases and services are hosted:"
2024,ProfessionalQuestion,Other survey answers,ProfessionalQuestion,,"When you have a technical question at work, where do you first go to get an answer?"
2024,Industry,Work and career,Industry,,What industry is the company you work for in?
2024,JobSatPoints_1,Work and career,JobSatPoints_1,,Driving strategy for my team
2024,JobSatPoints_4,Work and career,JobSatPoints_4,,Contributing to open source
2024,JobSatPoints_5,Work and career,JobSatPoints_5,,Securing data and environments
2024,JobSatPoints_6,Work and career,JobSatPoints_6,,Improving quality of code and developer environments
2024,JobSatPoints_7,Work and career,JobSatPoints_7,,"Learning and using new technology, including platforms, APIs and libraries"
2024,JobSatPoints_8,Work and career,JobSatPoints_8,,"Designing and building environments, databases, and all things architecture"
2024,JobSatPoints_9,Work and career,JobSatPoints_9,,"Being a power user of a tool, developer language or process that others come to for answers and guidance about"
2024,JobSatPoints_10,Work and career,JobSatPoints_10,,Working with new and/or top-quality hardware
2024,JobSatPoints_11,Work and career,JobSatPoints_11,,A well-staffed/sourced internal network that makes observability easy so network or runtime issues are addressed and fixed easily
2024,SurveyLength,Other survey answers,SurveyLength,,How do you feel about the length of the survey this year?
2024,SurveyEase,Other survey answers,SurveyEase,,How easy or difficult was this survey to complete?
2024,ConvertedCompYearly,Other survey answers,,,ConvertedCompYearly
2024,JobSat,Work and career,JobSat,,How satisfied are you in your current professional developer role?
2024,completeness,Other survey answers,,,completeness
2025,ResponseId,Other survey answers,,,ResponseId
2025,MainBranch,Background,MainBranch,,Are you someone who writes code? Please select one of the following options that best describes you today.
2025,Age,Background,Age,,What is your age?
2025,EdLevel,Background,EdLevel,,Which of the following best describes the highest level of formal education that you’ve completed?
2025,Employment,Background,Employment,,Which of the following best describes your current employment status?
2025,EmploymentAddl,Background,EmploymentAddl,,Which of the following additional activities are you currently engaged in?
2025,WorkExp,Work and career,WorkExp,,"How many years of professional work experience do you have? Please round to the nearest whole number, excluding any decimal points. If your answer is '0', please leave blank."
2025,LearnCodeChoose,Background,LearnCodeChoose,,Did you begin learning to code or learn a new coding skill/programming language in the last year?
2025,LearnCode,Background,LearnCode,,How did you learn to code in the past year? Select all that apply.
2025,LearnCodeAI,Background,LearnCodeAI,,Did you spend time in the last year learning AI programming or AI-enabled tooling on your own or at work?
2025,AILearnHow,Background,AILearnHow,,How did you learn to code for AI in the past year? Select all that apply.
2025,YearsCode,Work and career,YearsCode,,"Including any education, how many years have you been coding in total? Please round to the nearest whole number, excluding any decimal points."
2025,DevType,Work and career,DevType,,Which of the following describes your current job or the job you had for the most time in the past year?
2025,OrgSize,Work and career,OrgSize,,"Approximately how many people are employed by your employer? This should only include your primary company, and if there was more than one employer please consider the one you spent most of your time working for in the past year."
2025,ICorPM,Work and career,ICorPM,,Are you an individual contributor or people manager?
2025,RemoteWork,Work and career,RemoteWork,,Which best describes your current work situation?
2025,PurchaseInfluence,Work and career,PurchaseInfluence,,Have you influenced or endorsed a new technology purchase at your organization or sole proprietor job in the past year?
2025,TechEndorseIntro,Work and career,TechEndorseIntro,,"When you’re in a position to influence or endorse a technology , whether at work, for school, or for a personal project you’re responsible for, what features or attributes matter most when deciding to support a tool? What factors would be deal-breakers? First, select the context (work, school, personal project). Then, rank the following features in order of importance.​​​​​​"
2025,TechEndorse_1,Work and career,TechEndorse_1,,What attracts you to a technology or causes you to endorse it (most to least important)? | Sub-item: AI integration or AI Agent capabilities
2025,TechEndorse_2,Work and career,TechEndorse_2,,What attracts you to a technology or causes you to endorse it (most to least important)? | Sub-item: Easy-to-use API
2025,TechEndorse_3,Work and career,TechEndorse_3,,What attracts you to a technology or causes you to endorse it (most to least important)? | Sub-item: Robust and complete API
2025,TechEndorse_4,Work and career,TechEndorse_4,,What attracts you to a technology or causes you to endorse it (most to least important)? | Sub-item: Customizable and manageable codebase
2025,TechEndorse_5,Work and career,TechEndorse_5,,What attracts you to a technology or causes you to endorse it (most to least important)? | Sub-item: Reputation for quality
2025,TechEndorse_6,Work and career,TechEndorse_6,,What attracts you to a technology or causes you to endorse it (most to least important)? | Sub-item: Connected to an open-source project
2025,TechEndorse_7,Work and career,TechEndorse_7,,What attracts you to a technology or causes you to endorse it (most to least important)? | Sub-item: Good brand and public image
2025,TechEndorse_8,Work and career,TechEndorse_8,,What attracts you to a technology or causes you to endorse it (most to least important)? | Sub-item: Reliability and low latency
2025,TechEndorse_9,Work and career,TechEndorse_9,,What attracts you to a technology or causes you to endorse it (most to least important)? | Sub-item: Costs are manageable
2025,TechEndorse_13,Work and career,TechEndorse_13,,What attracts you to a technology or causes you to endorse it (most to least important)? | Sub-item: Other (please specify):
2025,TechEndorse_13_TEXT,Work and career,TechEndorse_13_TEXT,,What attracts you to a technology or causes you to endorse it (most to least important)? | Sub-item: Other (please specify): - Text
2025,TechOppose_1,Work and career,TechOppose_1,,What would turn you off or cause you to reject it (most to least important)? | Sub-item: Lack of AI or AI agents
2025,TechOppose_2,Work and career,TechOppose_2,,What would turn you off or cause you to reject it (most to least important)? | Sub-item: Poor usability
2025,TechOppose_3,Work and career,TechOppose_3,,What would turn you off or cause you to reject it (most to least important)? | Sub-item: Lack of or sub-par API
2025,TechOppose_5,Work and career,TechOppose_5,,What would turn you off or cause you to reject it (most to least important)? | Sub-item: Inefficient or time-costly
2025,TechOppose_7,Work and career,TechOppose_7,,What would turn you off or cause you to reject it (most to least important)? | Sub-item: Prohibitive pricing
2025,TechOppose_9,Work and career,TechOppose_9,,What would turn you off or cause you to reject it (most to least important)? | Sub-item: Security or privacy concerns
2025,TechOppose_11,Work and career,TechOppose_11,,What would turn you off or cause you to reject it (most to least important)? | Sub-item: Availability of better alternatives
2025,TechOppose_13,Work and career,TechOppose_13,,What would turn you off or cause you to reject it (most to least important)? | Sub-item: Outdated or obsolete technology or features
2025,TechOppose_16,Work and career,TechOppose_16,,What would turn you off or cause you to reject it (most to least important)? | Sub-item: Ethical concerns
2025,TechOppose_15,Work and career,TechOppose_15,,What would turn you off or cause you to reject it (most to least important)? | Sub-item: Other (please specify):
2025,TechOppose_15_TEXT,Work and career,TechOppose_15_TEXT,,What would turn you off or cause you to reject it (most to least important)? | Sub-item: Other (please specify): - Text
2025,Industry,Work and career,Industry,,What industry do you work for in?
2025,JobSatPoints_1,Work and career,JobSatPoints_1,,"Rank the following attributes of your current professional job in technology according to those that contribute your job satisfaction so that the first is the most important, last is least important (if you just started a new job, consider the job you spent the most time at in the past year): | Sub-item: Control over the level of quality in projects"
2025,JobSatPoints_2,Work and career,JobSatPoints_2,,"Rank the following attributes of your current professional job in technology according to those that contribute your job satisfaction so that the first is the most important, last is least important (if you just started a new job, consider the job you spent the most time at in the past year): | Sub-item: Autonomy and trust to manage your own tasks"
2025,JobSatPoints_3,Work and career,JobSatPoints_3,,"Rank the following attributes of your current professional job in technology according to those that contribute your job satisfaction so that the first is the most important, last is least important (if you just started a new job, consider the job you spent the most time at in the past year): | Sub-item: Collaboration and support from a team"
2025,JobSatPoints_4,Work and career,JobSatPoints_4,,"Rank the following attributes of your current professional job in technology according to those that contribute your job satisfaction so that the first is the most important, last is least important (if you just started a new job, consider the job you spent the most time at in the past year): | Sub-item: Expert mentors"
2025,JobSatPoints_5,Work and career,JobSatPoints_5,,"Rank the following attributes of your current professional job in technology according to those that contribute your job satisfaction so that the first is the most important, last is least important (if you just started a new job, consider the job you spent the most time at in the past year): | Sub-item: Opportunities to mentor and lead junior-level coworkers"
2025,JobSatPoints_6,Work and career,JobSatPoints_6,,"Rank the following attributes of your current professional job in technology according to those that contribute your job satisfaction so that the first is the most important, last is least important (if you just started a new job, consider the job you spent the most time at in the past year): | Sub-item: Developing specialized expertise"
2025,JobSatPoints_7,Work and career,JobSatPoints_7,,"Rank the following attributes of your current professional job in technology according to those that contribute your job satisfaction so that the first is the most important, last is least important (if you just started a new job, consider the job you spent the most time at in the past year): | Sub-item: Solving real-world problems"
2025,JobSatPoints_8,Work and career,JobSatPoints_8,,"Rank the following attributes of your current professional job in technology according to those that contribute your job satisfaction so that the first is the most important, last is least important (if you just started a new job, consider the job you spent the most time at in the past year): | Sub-item: Job stability and career growth with a single employer"
2025,JobSatPoints_9,Work and career,JobSatPoints_9,,"Rank the following attributes of your current professional job in technology according to those that contribute your job satisfaction so that the first is the most important, last is least important (if you just started a new job, consider the job you spent the most time at in the past year): | Sub-item: Innovation through solving challenging and complex problems"
2025,JobSatPoints_10,Work and career,JobSatPoints_10,,"Rank the following attributes of your current professional job in technology according to those that contribute your job satisfaction so that the first is the most important, last is least important (if you just started a new job, consider the job you spent the most time at in the past year): | Sub-item: Working with new technologies and tools"
2025,JobSatPoints_11,Work and career,JobSatPoints_11,,"Rank the following attributes of your current professional job in technology according to those that contribute your job satisfaction so that the first is the most important, last is least important (if you just started a new job, consider the job you spent the most time at in the past year): | Sub-item: Competitive pay and benefits"
2025,JobSatPoints_13,Work and career,JobSatPoints_13,,"Rank the following attributes of your current professional job in technology according to those that contribute your job satisfaction so that the first is the most important, last is least important (if you just started a new job, consider the job you spent the most time at in the past year): | Sub-item: Recognition from peers for your work"
2025,JobSatPoints_14,Work and career,JobSatPoints_14,,"Rank the following attributes of your current professional job in technology according to those that contribute your job satisfaction so that the first is the most important, last is least important (if you just started a new job, consider the job you spent the most time at in the past year): | Sub-item: Recognition from leadership for your work"
2025,JobSatPoints_15,Work and career,JobSatPoints_15,,"Rank the following attributes of your current professional job in technology according to those that contribute your job satisfaction so that the first is the most important, last is least important (if you just started a new job, consider the job you spent the most time at in the past year): | Sub-item: Other (please specify):"
2025,JobSatPoints_16,Work and career,JobSatPoints_16,,"Rank the following attributes of your current professional job in technology according to those that contribute your job satisfaction so that the first is the most important, last is least important (if you just started a new job, consider the job you spent the most time at in the past year): | Sub-item: You like your manager"
2025,JobSatPoints_15_TEXT,Work and career,JobSatPoints_15_TEXT,,"Rank the following attributes of your current professional job in technology according to those that contribute your job satisfaction so that the first is the most important, last is least important (if you just started a new job, consider the job you spent the most time at in the past year): | Sub-item: Other (please specify): - Text"
2025,AIThreat,AI usage and attitudes,AIThreat,,Do you believe AI is a threat to your current job?
2025,NewRole,Work and career,NewRole,,Have you considered a career change or transitioned into a new role in the past year?
2025,ToolCountWork,Work and career,ToolCountWork,,"For your primary work role (student, developer, or technologist) over the past year: Excluding general operating systems (like Windows or macOS) and web browsers, how many distinct software applications or platforms did you regularly use to create, analyze, manage, or share information in order to do your job? Please enter a whole number below with no punctuation, or leave blank."
2025,ToolCountPersonal,Work and career,ToolCountPersonal,,"For your side projects or other personal work over the past year (focus on the project you spent the most time on if applicable): Excluding general operating systems and web browsers, how many distinct software applications or platforms did you regularly use to do your job? Please enter a whole number below with no punctuation, or leave blank."
2025,Country,Background,Country,,Where do you live?
2025,Currency,Background,Currency,,"Which currency do you use day-to-day? If your answer is complicated, please pick the one you're most comfortable estimating in."
2025,CompTotal,Work and career,CompTotal,,"What is your current total annual compensation (salary, bonuses, and perks, before taxes and deductions) in terms of your day-to-day currency? Please enter a whole number in the box below, without any punctuation. If you are paid hourly, please estimate an equivalent yearly salary. If you prefer not to answer, please leave the box empty."
2025,LanguageChoice,Technology stack,LanguageChoice,,"Did you work with programming, scripting and markup languages in the last year or do you plan to in the year to come? Here, we are referring to anything you use that is conventionally referred to as code."
2025,LanguageHaveWorkedWith,Technology stack,Language,worked with in the past year,"Which programming, scripting, and markup languages have you done extensive development work in over the past year, and which do you want to work in over the next year? (If you both worked with the language and want to continue to do so, please check both boxes in that row.) | Response column: worked with in the past year"
2025,LanguageWantToWorkWith,Technology stack,Language,want to work with next year,"Which programming, scripting, and markup languages have you done extensive development work in over the past year, and which do you want to work in over the next year? (If you both worked with the language and want to continue to do so, please check both boxes in that row.) | Response column: want to work with next year"
2025,LanguageAdmired,Technology stack,Language,admired technology,"Which programming, scripting, and markup languages have you done extensive development work in over the past year, and which do you want to work in over the next year? (If you both worked with the language and want to continue to do so, please check both boxes in that row.) | Response column: admired technology"
2025,LanguagesHaveEntry,Technology stack,LanguagesHaveEntry,,"Was the programming language you use not listed above? List below, separated by a comma and a space for each, the programming language(s) you used in the past year ."
2025,LanguagesWantEntry,Technology stack,LanguagesWantEntry,,"Was the programming language you want to use not listed above? List below, separated by a comma and a space for each, the programming language(s) you want to use next year ."
2025,DatabaseChoice,Technology stack,DatabaseChoice,,"Did you work with database environments in the last year or do you plan to in the year to come? Here, we are referring to a system of managing structured data, mostly outside of your local machine."
2025,DatabaseHaveWorkedWith,Technology stack,Database,worked with in the past year,"Which database environments have you done extensive development work in over the past year, and which do you want to work in over the next year? (If you both worked with the database and want to continue to do so, please check both boxes in that row.) | Response column: worked with in the past year"
2025,DatabaseWantToWorkWith,Technology stack,Database,want to work with next year,"Which database environments have you done extensive development work in over the past year, and which do you want to work in over the next year? (If you both worked with the database and want to continue to do so, please check both boxes in that row.) | Response column: want to work with next year"
2025,DatabaseAdmired,Technology stack,Database,admired technology,"Which database environments have you done extensive development work in over the past year, and which do you want to work in over the next year? (If you both worked with the database and want to continue to do so, please check both boxes in that row.) | Response column: admired technology"
2025,DatabaseHaveEntry,Technology stack,DatabaseHaveEntry,,"Was the database environment you use not listed above? List below, separated by a comma and a space for each, what you used in the past year ."
2025,DatabaseWantEntry,Technology stack,DatabaseWantEntry,,"Was the database environment you want to use not listed above? List below, separated by a comma and a space for each, what you want to use next year ."
2025,PlatformChoice,Technology stack,PlatformChoice,,"Did you work with cloud platforms, containerization/orchestration tools, package managers, build tools or infrastructure as code solutions in the last year or do you plan to in the year to come? Here, we are referring to tooling that automates, manages, and scales the entire application lifecycle, often leveraging remote, virtualized resources."
2025,PlatformHaveWorkedWith,Technology stack,Platform,worked with in the past year,"Which cloud platforms, containerization/orchestration tools, package managers, build tools, and infrastructure as code solutions have you done extensive development work in over the past year, and which do you want to work in over the next year? (If you both worked with the platform and want to continue to do so, please check both boxes in that row.) | Response column: worked with in the past year"
2025,PlatformWantToWorkWith,Technology stack,Platform,want to work with next year,"Which cloud platforms, containerization/orchestration tools, package managers, build tools, and infrastructure as code solutions have you done extensive development work in over the past year, and which do you want to work in over the next year? (If you both worked with the platform and want to continue to do so, please check both boxes in that row.) | Response column: want to work with next year"
2025,PlatformAdmired,Technology stack,Platform,admired technology,"Which cloud platforms, containerization/orchestration tools, package managers, build tools, and infrastructure as code solutions have you done extensive development work in over the past year, and which do you want to work in over the next year? (If you both worked with the platform and want to continue to do so, please check both boxes in that row.) | Response column: admired technology"
2025,PlatformHaveEntry,Technology stack,PlatformHaveEntry,,"Was the cloud platforms, containerization/orchestration tools, package managers, build tools, and infrastructure as code solutions you use not listed above? List below, separated by a comma and a space for each, what you used in the past year ."
2025,PlatformWantEntry,Technology stack,PlatformWantEntry,,"Was the cloud platforms, containerization/orchestration tools, package managers, build tools, and infrastructure as code solutions you want to use not listed above? List below, separated by a comma and a space for each, what you want to use next year ."
2025,WebframeChoice,Technology stack,WebframeChoice,,"Did you work with web frameworks and web technologies in the last year or do you plan to in the year to come? Here, we are referring to technology that helps website and web apps materialize."
2025,WebframeHaveWorkedWith,Technology stack,Webframe,worked with in the past year,"Which web frameworks and web technologies have you done extensive development work in over the past year, and which do you want to work in over the next year? (If you both worked with the framework and want to continue to do so, please check both boxes in that row.) | Response column: worked with in the past year"
2025,WebframeWantToWorkWith,Technology stack,Webframe,want to work with next year,"Which web frameworks and web technologies have you done extensive development work in over the past year, and which do you want to work in over the next year? (If you both worked with the framework and want to continue to do so, please check both boxes in that row.) | Response column: want to work with next year"
2025,WebframeAdmired,Technology stack,Webframe,admired technology,"Which web frameworks and web technologies have you done extensive development work in over the past year, and which do you want to work in over the next year? (If you both worked with the framework and want to continue to do so, please check both boxes in that row.) | Response column: admired technology"
2025,WebframeHaveEntry,Technology stack,WebframeHaveEntry,,"Were the web frameworks and web technologies you use not listed above? List below, separated by a comma and a space for each, what you used in the past year ."
2025,WebframeWantEntry,Technology stack,WebframeWantEntry,,"Were the web frameworks and web technologies you want to use not listed above? List below, separated by a comma and a space for each, the what you want to use next year ."
2025,DevEnvsChoice,Technology stack,DevEnvsChoice,,"Did you work with development environments or AI-enabled code editing tools in the last year or do you plan to in the year to come? Here, we are referring to programs like VS Code that allow you to write, edit and save code easily and help you share code with other developers or AI agents."
2025,DevEnvsHaveWorkedWith,Technology stack,DevEnvs,worked with in the past year,"Which development environments and AI-enabled code editing tools did you use regularly over the past year, and which do you want to work with over the next year? Please check all that apply. | Response column: worked with in the past year"
2025,DevEnvsWantToWorkWith,Technology stack,DevEnvs,want to work with next year,"Which development environments and AI-enabled code editing tools did you use regularly over the past year, and which do you want to work with over the next year? Please check all that apply. | Response column: want to work with next year"
2025,DevEnvsAdmired,Technology stack,DevEnvs,admired technology,"Which development environments and AI-enabled code editing tools did you use regularly over the past year, and which do you want to work with over the next year? Please check all that apply. | Response column: admired technology"
2025,DevEnvHaveEntry,Other survey answers,DevEnvHaveEntry,,"Was the developer environment or AI-enabled code editing tool you use not listed above? List below, separated by a comma and a space for each, what you used in the past year ."
2025,DevEnvWantEntry,Other survey answers,DevEnvWantEntry,,"Was the developer environment or AI-enabled code editing tool you want to use not listed above? List below, separated by a comma and a space for each, what you want to use next year ."
2025,SOTagsHaveWorkedWith,Technology stack,SOTags,worked with in the past year,"Which rising technology of the added as new tag or tag subject area on Stack Overflow in the last three years have you used regularly in the past year, and which do you want to work with over the next year? Please check all that apply. | Response column: worked with in the past year"
2025,SOTagsWantToWorkWith,Technology stack,SOTags,want to work with next year,"Which rising technology of the added as new tag or tag subject area on Stack Overflow in the last three years have you used regularly in the past year, and which do you want to work with over the next year? Please check all that apply. | Response column: want to work with next year"
2025,SOTagsAdmired,Technology stack,SOTags,admired technology,"Which rising technology of the added as new tag or tag subject area on Stack Overflow in the last three years have you used regularly in the past year, and which do you want to work with over the next year? Please check all that apply. | Response column: admired technology"
2025,SOTagsHaveEntry,Technology stack,SOTagsHaveEntry,,"Was the new tag on Stack Overflow (i.e. added in the last 2 - 3 years) you use not listed above? List below, separated by a comma and a space for each, what you used in the past year ."
2025,SOTagsWant Entry,Technology stack,SOTagsWant Entry,,"Was the new tag on Stack Overflow (i.e. added in the last 2 - 3 years) you want to use not listed above? List below, separated by a comma and a space for each, what you want to use next year ."
2025,OpSysPersonal use,Technology stack,OpSys,personal use,What is the primary operating system in which you work? | Response column: personal use
2025,OpSysProfessional use,Technology stack,OpSys,professional use,What is the primary operating system in which you work? | Response column: professional use
2025,OfficeStackAsyncHaveWorkedWith,Technology stack,OfficeStackAsync,worked with in the past year,"Which collaborative work management and/or code documentation tools did you use regularly over the past year, and which do you want to work with over the next year? Select all that apply | Response column: worked with in the past year"
2025,OfficeStackAsyncWantToWorkWith,Technology stack,OfficeStackAsync,want to work with next year,"Which collaborative work management and/or code documentation tools did you use regularly over the past year, and which do you want to work with over the next year? Select all that apply | Response column: want to work with next year"
2025,OfficeStackAsyncAdmired,Technology stack,OfficeStackAsync,admired technology,"Which collaborative work management and/or code documentation tools did you use regularly over the past year, and which do you want to work with over the next year? Select all that apply | Response column: admired technology"
2025,OfficeStackHaveEntry,Technology stack,OfficeStackHaveEntry,,"Was the collaborative work management and/or code documentation tools you use not listed above? List below, separated by a comma and a space for each, what you used in the past year."
2025,OfficeStackWantEntry,Technology stack,OfficeStackWantEntry,,"Was the collaborative work management and/or code documentation tools you want to use not listed above? List below, separated by a comma and a space for each, what you used in the past year."
2025,CommPlatformHaveWorkedWith,Technology stack,CommPlatform,worked with in the past year,"Which community platforms have you utilized considerably or consistently in the past year, and which would you like to use next year? Select all that apply. | Response column: worked with in the past year"
2025,CommPlatformWantToWorkWith,Technology stack,CommPlatform,want to work with next year,"Which community platforms have you utilized considerably or consistently in the past year, and which would you like to use next year? Select all that apply. | Response column: want to work with next year"
2025,CommPlatformAdmired,Technology stack,CommPlatform,admired technology,"Which community platforms have you utilized considerably or consistently in the past year, and which would you like to use next year? Select all that apply. | Response column: admired technology"
2025,CommPlatformHaveEntr,Technology stack,CommPlatformHaveEntr,,"Was the community platform you use not listed above? List below, separated by a comma and a space for each, what you used in the past year."
2025,CommPlatformWantEntr,Technology stack,CommPlatformWantEntr,,"Was the community platform you want to use not listed above? List below, separated by a comma and a space for each, what you used in the past year."
2025,AIModelsChoice,AI usage and attitudes,AIModelsChoice,,"Did you utilize or integrate specific Large Language Models (LLMs) to power your development tools or applications in the last year? Here, we are referring to models like GPT-4, Llama, Claude, etc., within your development environments or solutions."
2025,AIModelsHaveWorkedWith,AI usage and attitudes,AIModels,worked with in the past year,"Which LLM models for AI tools have you used for development work in the past year, and which would you like to use next year? Select all that apply. | Response column: worked with in the past year"
2025,AIModelsWantToWorkWith,AI usage and attitudes,AIModels,want to work with next year,"Which LLM models for AI tools have you used for development work in the past year, and which would you like to use next year? Select all that apply. | Response column: want to work with next year"
2025,AIModelsAdmired,AI usage and attitudes,AIModels,admired technology,"Which LLM models for AI tools have you used for development work in the past year, and which would you like to use next year? Select all that apply. | Response column: admired technology"
2025,AIModelsHaveEntry,AI usage and attitudes,AIModelsHaveEntry,,"Was the LLM model for AI tools you use not listed above? List below, separated by a comma and a space for each, what you used in the past year ."
2025,AIModelsWantEntry,AI usage and attitudes,AIModelsWantEntry,,"Was the LLM model for AI tools you want to use not listed above? List below, separated by a comma and a space for each, what you want to use next year ."
2025,SOAccount,Stack Overflow community,SOAccount,,Do you have a Stack Overflow account?
2025,SOVisitFreq,Stack Overflow community,SOVisitFreq,,How frequently would you say you visit Stack Overflow?
2025,SODuration,Stack Overflow community,SODuration,,How long have you used Stack Overflow?
2025,SOPartFreq,Stack Overflow community,SOPartFreq,,"How frequently would you say you participate in Q&A on Stack Overflow? By participate we mean ask, answer, and vote or comment on questions."
2025,SO_Dev_Content,Stack Overflow community,SO_Dev_Content,,"Whether it be to solve a problem, for career growth or connecting with a community of developers, is there an alternative to the Q&A format you prefer using today or would like to see on Stack Overflow to get what you need? Select all that apply."
2025,SO_Actions_1,Stack Overflow community,SO_Actions_1,,"When visiting Stack Overflow, which following activities are you most interested in? Please rank the following so the first activity is what most interests you and last is your least interested activity. | Sub-item: Browse content related to Q&A posts I recently viewed"
2025,SO_Actions_16,Stack Overflow community,SO_Actions_16,,"When visiting Stack Overflow, which following activities are you most interested in? Please rank the following so the first activity is what most interests you and last is your least interested activity. | Sub-item: Read and/or vote on comments for a Question or Answer I am interested in"
2025,SO_Actions_3,Stack Overflow community,SO_Actions_3,,"When visiting Stack Overflow, which following activities are you most interested in? Please rank the following so the first activity is what most interests you and last is your least interested activity. | Sub-item: Bookmark posts to look at later"
2025,SO_Actions_4,Stack Overflow community,SO_Actions_4,,"When visiting Stack Overflow, which following activities are you most interested in? Please rank the following so the first activity is what most interests you and last is your least interested activity. | Sub-item: Directly open a Q&A post via search, documentation or a peer"
2025,SO_Actions_5,Stack Overflow community,SO_Actions_5,,"When visiting Stack Overflow, which following activities are you most interested in? Please rank the following so the first activity is what most interests you and last is your least interested activity. | Sub-item: Ask a question"
2025,SO_Actions_6,Stack Overflow community,SO_Actions_6,,"When visiting Stack Overflow, which following activities are you most interested in? Please rank the following so the first activity is what most interests you and last is your least interested activity. | Sub-item: Answer a question"
2025,SO_Actions_9,Stack Overflow community,SO_Actions_9,,"When visiting Stack Overflow, which following activities are you most interested in? Please rank the following so the first activity is what most interests you and last is your least interested activity. | Sub-item: Comment on Q&A posts"
2025,SO_Actions_7,Stack Overflow community,SO_Actions_7,,"When visiting Stack Overflow, which following activities are you most interested in? Please rank the following so the first activity is what most interests you and last is your least interested activity. | Sub-item: Upvote/Downvote Q&A posts"
2025,SO_Actions_10,Stack Overflow community,SO_Actions_10,,"When visiting Stack Overflow, which following activities are you most interested in? Please rank the following so the first activity is what most interests you and last is your least interested activity. | Sub-item: Use discussion or chat feature"
2025,SO_Actions_15,Stack Overflow community,SO_Actions_15,,"When visiting Stack Overflow, which following activities are you most interested in? Please rank the following so the first activity is what most interests you and last is your least interested activity. | Sub-item: Other (write in):"
2025,SO_Actions_15_TEXT,Stack Overflow community,SO_Actions_15_TEXT,,"When visiting Stack Overflow, which following activities are you most interested in? Please rank the following so the first activity is what most interests you and last is your least interested activity. | Sub-item: Other (write in): - Text"
2025,SOComm,Stack Overflow community,SOComm,,Do you consider yourself a member of the Stack Overflow community?
2025,SOFriction,Stack Overflow community,SOFriction,,"When you visit Stack Overflow, how often is it a result of encountering issues from AI or AI-enabled tools that require extra time or effort to fix, understand, or debug?"
2025,AISelect,AI usage and attitudes,AISelect,,Do you currently use AI tools in your development process?
2025,AISent,AI usage and attitudes,AISent,,How favorable is your stance on using AI tools as part of your development workflow?
2025,AIAcc,AI usage and attitudes,AIAcc,,How much do you trust the accuracy of the output from AI tools as part of your development workflow?
2025,AIComplex,AI usage and attitudes,AIComplex,,How well do the AI tools you use in your development workflow handle complex tasks?
2025,AIToolCurrently partially AI,AI usage and attitudes,AITool,Currently partially AI,Which parts of your development workflow are you currently integrating into AI or using AI tools to accomplish or plan to use AI to accomplish over the next 3 - 5 years? Please select one for each scenario. | Response column: Currently partially AI
2025,AIToolDon't plan to use AI for this task,AI usage and attitudes,AITool,Don't plan to use AI for this task,Which parts of your development workflow are you currently integrating into AI or using AI tools to accomplish or plan to use AI to accomplish over the next 3 - 5 years? Please select one for each scenario. | Response column: Don't plan to use AI for this task
2025,AIToolPlan to partially use AI,AI usage and attitudes,AITool,Plan to partially use AI,Which parts of your development workflow are you currently integrating into AI or using AI tools to accomplish or plan to use AI to accomplish over the next 3 - 5 years? Please select one for each scenario. | Response column: Plan to partially use AI
2025,AIToolPlan to mostly use AI,AI usage and attitudes,AITool,Plan to mostly use AI,Which parts of your development workflow are you currently integrating into AI or using AI tools to accomplish or plan to use AI to accomplish over the next 3 - 5 years? Please select one for each scenario. | Response column: Plan to mostly use AI
2025,AIToolCurrently mostly AI,AI usage and attitudes,AITool,Currently mostly AI,Which parts of your development workflow are you currently integrating into AI or using AI tools to accomplish or plan to use AI to accomplish over the next 3 - 5 years? Please select one for each scenario. | Response column: Currently mostly AI
2025,AIFrustration,AI usage and attitudes,AIFrustration,,"When using AI tools, which of the following problems or frustrations have you encountered? Select all that apply."
2025,AIExplain,AI usage and attitudes,AIExplain,,"In your own words, is ""vibe coding"" part of your professional development work? For this question, we define vibe coding according to the Wikipedia definition , the process of generating software from LLM prompts."
2025,AIAgents,AI usage and attitudes,AIAgents,,Are you using AI agents in your work (development or otherwise)? AI agents refer to autonomous software entities that can operate with minimal to no direct human intervention using artificial intelligence techniques.
2025,AIAgentChange,AI usage and attitudes,AIAgentChange,,Have AI tools or AI agents changed how you complete development work in the past year?
2025,AIAgent_Uses,AI usage and attitudes,AIAgent_Uses,,What industry purposes or specific tasks are you using AI agents in your development work? Select all that apply from both lists.
2025,AgentUsesGeneral,Background,Age,nt Uses General,What is your age? | Response column: nt Uses General
2025,AIAgentImpactSomewhat agree,AI usage and attitudes,AIAgentImpact,Somewhat agree,To what extent do you agree with the following statements regarding the impact of AI agents on your work as a developer? | Response column: Somewhat agree
2025,AIAgentImpactNeutral,AI usage and attitudes,AIAgentImpact,Neutral,To what extent do you agree with the following statements regarding the impact of AI agents on your work as a developer? | Response column: Neutral
2025,AIAgentImpactSomewhat disagree,AI usage and attitudes,AIAgentImpact,Somewhat disagree,To what extent do you agree with the following statements regarding the impact of AI agents on your work as a developer? | Response column: Somewhat disagree
2025,AIAgentImpactStrongly agree,AI usage and attitudes,AIAgentImpact,Strongly agree,To what extent do you agree with the following statements regarding the impact of AI agents on your work as a developer? | Response column: Strongly agree
2025,AIAgentImpactStrongly disagree,AI usage and attitudes,AIAgentImpact,Strongly disagree,To what extent do you agree with the following statements regarding the impact of AI agents on your work as a developer? | Response column: Strongly disagree
2025,AIAgentChallengesNeutral,AI usage and attitudes,AIAgentChallenges,Neutral,To what extent do you agree with the following statements regarding AI agents? | Response column: Neutral
2025,AIAgentChallengesSomewhat disagree,AI usage and attitudes,AIAgentChallenges,Somewhat disagree,To what extent do you agree with the following statements regarding AI agents? | Response column: Somewhat disagree
2025,AIAgentChallengesStrongly agree,AI usage and attitudes,AIAgentChallenges,Strongly agree,To what extent do you agree with the following statements regarding AI agents? | Response column: Strongly agree
2025,AIAgentChallengesSomewhat agree,AI usage and attitudes,AIAgentChallenges,Somewhat agree,To what extent do you agree with the following statements regarding AI agents? | Response column: Somewhat agree
2025,AIAgentChallengesStrongly disagree,AI usage and attitudes,AIAgentChallenges,Strongly disagree,To what extent do you agree with the following statements regarding AI agents? | Response column: Strongly disagree
2025,AIAgentKnowledge,AI usage and attitudes,AIAgentKnowledge,,You indicated you use or develop AI agents as part of your development work. Have you used any of the following tools for AI agent memory or data management in the past year?
2025,AIAgentKnowWrite,AI usage and attitudes,AIAgentKnowWrite,,Was the tool or tools for AI agent orchestration or agent frameworks you used in the past year not listed above? Please write them below separated by a comma and space if there are more than one.
2025,AIAgentOrchestration,AI usage and attitudes,AIAgentOrchestration,,You indicated you use or develop AI agents as part of your development work. Have you used any of the following tools for AI agent orchestration or agent frameworks in the past year?
2025,AIAgentOrchWrite,AI usage and attitudes,AIAgentOrchWrite,,Was the tool or tools for AI agent orchestration or agent frameworks you used in the past year not listed above? Please write them below separated by a comma and space if there are more than one.
2025,AIAgentObserveSecure,AI usage and attitudes,AIAgentObserveSecure,,"You indicated you use or develop AI agents as part of your development work. Have you used any of the following tools for AI agent observability, monitoring or security in the past year?"
2025,AIAgentObsWrite,AI usage and attitudes,AIAgentObsWrite,,"Was the tool or tools for AI agent observability, monitoring or security you used in the past year not listed above? Please write them below separated by a comma and space if there are more than one."
2025,AIAgentExternal,AI usage and attitudes,AIAgentExternal,,"You indicated you use or develop AI agents as part of your development work. Have you used any of the following out-of-the-box agents, copilots or assistants?"
2025,AIAgentExtWrite,AI usage and attitudes,AIAgentExtWrite,,"Was the out-of-the-box agents, copilots or assistants you used in the past year not listed above? Please write them below separated by a comma and space if there are more than one."
2025,AIHuman,AI usage and attitudes,AIHuman,,"In the future, if AI can do most coding tasks, in which situations would you still want to ask another person for help? Select all that apply."
2025,AIOpen,AI usage and attitudes,AIOpen,,"Looking ahead 3–5 years, what skills do you believe will remain valuable for developers even as AI tools become more capable? Please describe."
2025,ConvertedCompYearly,Other survey answers,,,ConvertedCompYearly
2025,JobSat,Work and career,JobSat,,How satisfied are you in your current professional developer role?
2025,completeness,Other survey answers,,,completeness
